{
  "hash": "e2398def",
  "configHash": "e5f6d891",
  "lockfileHash": "72df202a",
  "browserHash": "99689b4e",
  "optimized": {
    "@angular/common": {
      "src": "../../../../../../node_modules/@angular/common/fesm2022/common.mjs",
      "file": "@angular_common.js",
      "fileHash": "b3a59340",
      "needsInterop": false
    },
    "@angular/core": {
      "src": "../../../../../../node_modules/@angular/core/fesm2022/core.mjs",
      "file": "@angular_core.js",
      "fileHash": "f32780aa",
      "needsInterop": false
    },
    "@angular/platform-browser": {
      "src": "../../../../../../node_modules/@angular/platform-browser/fesm2022/platform-browser.mjs",
      "file": "@angular_platform-browser.js",
      "fileHash": "7539327a",
      "needsInterop": false
    },
    "@angular/router": {
      "src": "../../../../../../node_modules/@angular/router/fesm2022/router.mjs",
      "file": "@angular_router.js",
      "fileHash": "4b30d992",
      "needsInterop": false
    },
    "@angular/common/http": {
      "src": "../../../../../../node_modules/@angular/common/fesm2022/http.mjs",
      "file": "@angular_common_http.js",
      "fileHash": "6c7f623a",
      "needsInterop": false
    },
    "@angular/forms": {
      "src": "../../../../../../node_modules/@angular/forms/fesm2022/forms.mjs",
      "file": "@angular_forms.js",
      "fileHash": "6627c584",
      "needsInterop": false
    },
    "rxjs": {
      "src": "../../../../../../node_modules/rxjs/dist/esm5/index.js",
      "file": "rxjs.js",
      "fileHash": "1c43ed85",
      "needsInterop": false
    }
  },
  "chunks": {
    "chunk-OSW4UQVM": {
      "file": "chunk-OSW4UQVM.js"
    },
    "chunk-WTL7LGBM": {
      "file": "chunk-WTL7LGBM.js"
    },
    "chunk-UAFZJ265": {
      "file": "chunk-UAFZJ265.js"
    },
    "chunk-FXE6EQXQ": {
      "file": "chunk-FXE6EQXQ.js"
    },
    "chunk-XUQN3XMS": {
      "file": "chunk-XUQN3XMS.js"
    }
  }
}