[
  {
    "name": "First Class Room",
    "image": "first-class.jpg",
    "description": "<p>Cras dui sapien, feugiat vitae tristique ut, lobortis tempor orci. Donec pulvinar sagittis metus ut tristique. Pellentes que habitant morbi tristique senectus et netus et malesuada fames ac turpis egestas idios.</p>",
    "rate": "Rate: 220 / Day"
  },
  {
    "name": "Deluxe Room",
    "image": "deluxe.jpg",
    "description": "<p>Cras dui sapien, feugiat vitae tristique ut, lobortis tempor orci. Donec pulvinar sagittis metus ut tristique. Pellentes que habitant morbi tristique senectus et netus et malesuada fames ac turpis egestas idios.</p>",
    "rate": "Rate: 150 / Day"
  },
  {
    "name": "Suite Room",
    "image": "suite.jpg",
    "description": "<p>Cras dui sapien, feugiat vitae tristique ut, lobortis tempor orci. Donec pulvinar sagittis metus ut tristique. Pellentes que habitant morbi tristique senectus et netus et malesuada fames ac turpis egestas idios.</p>",
    "rate": "Rate: 180 / Day"
  }
]