{
  "hash": "15416d35",
  "configHash": "6fee6b25",
  "lockfileHash": "e882d9a9",
  "browserHash": "a814cdfc",
  "optimized": {
    "@angular/common": {
      "src": "../../../../../../node_modules/@angular/common/fesm2022/common.mjs",
      "file": "@angular_common.js",
      "fileHash": "f13aed5b",
      "needsInterop": false
    },
    "@angular/common/http": {
      "src": "../../../../../../node_modules/@angular/common/fesm2022/http.mjs",
      "file": "@angular_common_http.js",
      "fileHash": "0a85e709",
      "needsInterop": false
    },
    "@angular/core": {
      "src": "../../../../../../node_modules/@angular/core/fesm2022/core.mjs",
      "file": "@angular_core.js",
      "fileHash": "5f0e9a8f",
      "needsInterop": false
    },
    "@angular/forms": {
      "src": "../../../../../../node_modules/@angular/forms/fesm2022/forms.mjs",
      "file": "@angular_forms.js",
      "fileHash": "2b61a543",
      "needsInterop": false
    },
    "@angular/platform-browser": {
      "src": "../../../../../../node_modules/@angular/platform-browser/fesm2022/platform-browser.mjs",
      "file": "@angular_platform-browser.js",
      "fileHash": "519fe443",
      "needsInterop": false
    },
    "@angular/router": {
      "src": "../../../../../../node_modules/@angular/router/fesm2022/router.mjs",
      "file": "@angular_router.js",
      "fileHash": "5bff68a3",
      "needsInterop": false
    },
    "rxjs": {
      "src": "../../../../../../node_modules/rxjs/dist/esm5/index.js",
      "file": "rxjs.js",
      "fileHash": "7138d1f6",
      "needsInterop": false
    },
    "rxjs/operators": {
      "src": "../../../../../../node_modules/rxjs/dist/esm5/operators/index.js",
      "file": "rxjs_operators.js",
      "fileHash": "cdeab5ec",
      "needsInterop": false
    }
  },
  "chunks": {
    "chunk-HA5FUAZH": {
      "file": "chunk-HA5FUAZH.js"
    },
    "chunk-OAT6ILZ4": {
      "file": "chunk-OAT6ILZ4.js"
    },
    "chunk-75GWYEGI": {
      "file": "chunk-75GWYEGI.js"
    },
    "chunk-3T6CJCVC": {
      "file": "chunk-3T6CJCVC.js"
    },
    "chunk-K2NXEIIL": {
      "file": "chunk-K2NXEIIL.js"
    },
    "chunk-SIC4NHH6": {
      "file": "chunk-SIC4NHH6.js"
    },
    "chunk-QKWSYKT4": {
      "file": "chunk-QKWSYKT4.js"
    }
  }
}