{
  "hash": "e1ef08fa",
  "configHash": "e5f6d891",
  "lockfileHash": "e882d9a9",
  "browserHash": "d087d6f9",
  "optimized": {
    "@angular/common": {
      "src": "../../../../../../node_modules/@angular/common/fesm2022/common.mjs",
      "file": "@angular_common.js",
      "fileHash": "3dd967c2",
      "needsInterop": false
    },
    "@angular/common/http": {
      "src": "../../../../../../node_modules/@angular/common/fesm2022/http.mjs",
      "file": "@angular_common_http.js",
      "fileHash": "35549580",
      "needsInterop": false
    },
    "@angular/core": {
      "src": "../../../../../../node_modules/@angular/core/fesm2022/core.mjs",
      "file": "@angular_core.js",
      "fileHash": "b694f0de",
      "needsInterop": false
    },
    "@angular/forms": {
      "src": "../../../../../../node_modules/@angular/forms/fesm2022/forms.mjs",
      "file": "@angular_forms.js",
      "fileHash": "e80c51e4",
      "needsInterop": false
    },
    "@angular/platform-browser": {
      "src": "../../../../../../node_modules/@angular/platform-browser/fesm2022/platform-browser.mjs",
      "file": "@angular_platform-browser.js",
      "fileHash": "925ccedb",
      "needsInterop": false
    },
    "@angular/router": {
      "src": "../../../../../../node_modules/@angular/router/fesm2022/router.mjs",
      "file": "@angular_router.js",
      "fileHash": "d68a41b7",
      "needsInterop": false
    },
    "rxjs": {
      "src": "../../../../../../node_modules/rxjs/dist/esm5/index.js",
      "file": "rxjs.js",
      "fileHash": "fb7f66f2",
      "needsInterop": false
    }
  },
  "chunks": {
    "chunk-OSW4UQVM": {
      "file": "chunk-OSW4UQVM.js"
    },
    "chunk-WTL7LGBM": {
      "file": "chunk-WTL7LGBM.js"
    },
    "chunk-UAFZJ265": {
      "file": "chunk-UAFZJ265.js"
    },
    "chunk-FXE6EQXQ": {
      "file": "chunk-FXE6EQXQ.js"
    },
    "chunk-XUQN3XMS": {
      "file": "chunk-XUQN3XMS.js"
    }
  }
}